"uf","br","total_acidentes","total_acidentes_fatais","taxa_letalidade"
AC,364,220,18,8.18
AC,317,52,11,21.15
AC,307,5,0,0.00
AC,0,3,0,0.00
AL,101,254,29,11.42
AL,316,177,24,13.56
AL,104,130,15,11.54
AL,423,39,8,20.51
AL,424,15,4,26.67
AL,416,13,6,46.15
AL,110,1,0,0.00
AM,174,73,8,10.96
AM,319,36,10,27.78
AM,230,24,0,0.00
AM,0,4,0,0.00
AM,317,1,1,100.00
AP,210,111,9,8.11
AP,156,57,0,0.00
AP,0,1,0,0.00
BA,116,1038,110,10.60
BA,101,956,122,12.76
BA,324,942,56,5.94
BA,242,256,50,19.53
BA,110,210,41,19.52
BA,367,137,3,2.19
BA,407,127,21,16.54
BA,235,76,14,18.42
BA,415,63,2,3.17
BA,135,58,13,22.41
BA,349,52,12,23.08
BA,330,49,6,12.24
BA,20,48,9,18.75
BA,418,37,5,13.51
BA,420,28,8,28.57
BA,410,26,2,7.69
BA,30,4,2,50.00
BA,430,1,0,0.00
CE,116,707,65,9.19
CE,222,359,47,13.09
CE,20,132,15,11.36
CE,304,51,2,3.92
CE,230,22,12,54.55
CE,402,13,5,38.46
CE,226,7,4,57.14
CE,403,6,3,50.00
CE,0,3,0,0.00
CE,122,2,0,0.00
DF,20,348,10,2.87
DF,70,285,8,2.81
DF,40,124,2,1.61
DF,60,121,8,6.61
DF,80,68,9,13.24
DF,251,59,6,10.17
DF,0,6,0,0.00
ES,101,2084,112,5.37
ES,262,382,23,6.02
ES,259,123,7,5.69
ES,393,37,1,2.70
ES,447,8,2,25.00
ES,0,7,0,0.00
ES,484,1,0,0.00
GO,153,973,66,6.78
GO,60,803,50,6.23
GO,40,335,23,6.87
GO,70,210,25,11.90
GO,20,170,21,12.35
GO,414,161,20,12.42
GO,50,159,10,6.29
GO,364,137,12,8.76
GO,452,105,7,6.67
GO,80,78,8,10.26
GO,158,41,5,12.20
GO,251,12,0,0.00
GO,0,12,0,0.00
MA,135,390,44,11.28
MA,316,244,62,25.41
MA,10,221,40,18.10
MA,222,152,36,23.68
MA,230,119,22,18.49
MA,226,104,21,20.19
MA,402,26,8,30.77
MA,330,5,3,60.00
MA,0,1,0,0.00
MG,381,2845,139,4.89
MG,40,1972,123,6.24
MG,116,1412,104,7.37
MG,262,1095,90,8.22
MG,365,600,71,11.83
MG,50,592,28,4.73
MG,251,271,35,12.92
MG,153,269,23,8.55
MG,267,130,10,7.69
MG,459,125,14,11.20
MG,354,96,2,2.08
MG,146,55,3,5.45
MG,356,53,3,5.66
MG,364,45,2,4.44
MG,0,8,0,0.00
MG,265,2,0,0.00
MS,163,781,46,5.89
MS,262,285,34,11.93
MS,60,157,11,7.01
MS,267,145,14,9.66
MS,158,133,15,11.28
MS,376,62,5,8.06
MS,463,60,8,13.33
MS,419,11,1,9.09
MS,359,6,1,16.67
MS,487,6,1,16.67
MS,436,5,0,0.00
MS,0,3,0,0.00
MT,163,969,60,6.19
MT,364,750,57,7.60
MT,70,589,42,7.13
MT,174,205,22,10.73
MT,158,119,23,19.33
MT,0,3,0,0.00
MT,242,1,0,0.00
PA,230,280,47,16.79
PA,316,271,42,15.50
PA,163,261,33,12.64
PA,10,158,37,23.42
PA,155,55,7,12.73
PA,222,37,13,35.14
PA,308,34,10,29.41
PA,0,12,0,0.00
PA,153,8,4,50.00
PA,158,1,0,0.00
PB,230,1191,65,5.46
PB,101,509,27,5.30
PB,104,169,17,10.06
PB,361,36,5,13.89
PB,412,28,10,35.71
PB,405,15,1,6.67
PB,427,12,2,16.67
PB,116,11,0,0.00
PB,0,5,0,0.00
PB,426,1,0,0.00
PB,110,1,0,0.00
PE,101,1130,62,5.49
PE,232,830,99,11.93
PE,104,203,24,11.82
PE,428,202,12,5.94
PE,423,144,32,22.22
PE,408,141,23,16.31
PE,407,119,9,7.56
PE,316,96,19,19.79
PE,424,76,15,19.74
PE,116,48,5,10.42
PE,110,15,2,13.33
PE,0,9,0,0.00
PI,343,742,47,6.33
PI,316,448,35,7.81
PI,135,111,25,22.52
PI,230,88,14,15.91
PI,407,37,14,37.84
PI,222,33,10,30.30
PI,402,24,3,12.50
PI,235,4,1,25.00
PI,0,2,0,0.00
PI,20,1,0,0.00
PR,277,2157,134,6.21
PR,376,1700,109,6.41
PR,116,1113,45,4.04
PR,369,915,60,6.56
PR,476,427,43,10.07
PR,153,402,39,9.70
PR,163,373,30,8.04
PR,373,231,27,11.69
PR,158,99,9,9.09
PR,469,55,0,0.00
PR,272,53,8,15.09
PR,487,43,4,9.30
PR,467,27,1,3.70
PR,280,22,2,9.09
PR,0,13,0,0.00
RJ,101,2415,125,5.18
RJ,116,1798,92,5.12
RJ,40,1071,32,2.99
RJ,493,369,21,5.69
RJ,393,320,25,7.81
RJ,465,250,4,1.60
RJ,356,142,7,4.93
RJ,495,32,0,0.00
RJ,0,23,0,0.00
RJ,354,6,0,0.00
RJ,485,2,0,0.00
RN,101,705,23,3.26
RN,304,398,23,5.78
RN,226,177,16,9.04
RN,406,127,7,5.51
RN,110,112,8,7.14
RN,405,82,21,25.61
RN,427,40,4,10.00
RN,0,6,0,0.00
RN,437,1,0,0.00
RO,364,1112,64,5.76
RO,319,128,4,3.13
RO,435,69,8,11.59
RO,174,56,1,1.79
RO,425,32,2,6.25
RO,429,28,6,21.43
RO,421,23,1,4.35
RO,0,4,0,0.00
RR,174,81,13,16.05
RR,401,35,5,14.29
RR,432,23,4,17.39
RR,210,1,1,100.00
RR,431,1,0,0.00
RR,0,1,0,0.00
RS,116,1317,55,4.18
RS,290,768,31,4.04
RS,386,623,48,7.70
RS,285,408,28,6.86
RS,392,364,20,5.49
RS,470,322,22,6.83
RS,158,255,19,7.45
RS,101,137,7,5.11
RS,153,135,6,4.44
RS,287,120,9,7.50
RS,293,110,10,9.09
RS,472,104,8,7.69
RS,448,86,2,2.33
RS,471,81,5,6.17
RS,468,45,5,11.11
RS,0,17,0,0.00
RS,480,7,0,0.00
SC,101,4222,140,3.32
SC,282,1379,82,5.95
SC,470,1066,82,7.69
SC,280,880,36,4.09
SC,116,328,19,5.79
SC,163,135,4,2.96
SC,153,71,7,9.86
SC,480,58,3,5.17
SC,158,35,1,2.86
SC,0,10,0,0.00
SC,285,2,0,0.00
SE,101,346,29,8.38
SE,235,241,15,6.22
SE,0,2,0,0.00
SP,116,3249,143,4.40
SP,381,651,32,4.92
SP,153,449,21,4.68
SP,101,256,6,2.34
SP,488,33,1,3.03
SP,459,29,1,3.45
SP,0,9,0,0.00
SP,262,7,1,14.29
TO,153,482,60,12.45
TO,10,127,9,7.09
TO,242,26,4,15.38
TO,230,21,8,38.10
TO,226,9,1,11.11
TO,235,9,1,11.11
TO,0,3,0,0.00
